x1,x2,x3,x4,x5,x6,x7,x8,x9,x10,x11,x12,x13,x14,x15,x16,x17,x18,x19,x20
2.3035615044566615,-4.6378810988452965,-0.3346770959902319,-3.507444113211151,2.827325006280134,2.3293293002187445,3.9935022068831607,-0.2735163660305142,0.8264099660256097,-3.1686479655605604,-0.37895543940911747,3.9607963762082683,4.573869666079144,2.7667754040678254,-3.385238799307779,-4.771476822025327,0.18150615244249568,1.8847266461638803,2.127558084580196,1.1466971386832467
-4.079815473773229,0.6732091022545115,0.5452125400956511,0.06155732301166239,4.800587473307626,-4.1278460063294204,-4.969978237304671,3.417872709112755,4.139634837558432,4.5371354684886605,1.5034043052787185,4.820583052027365,-1.8526570768726707,1.095564130416463,-1.2982836046390012,2.6871292006888092,2.6067324366792954,-0.5372011236957537,0.15313829642303656,2.425700790832334
-0.24233406231146049,-4.962601610227479,0.7783709543002821,2.2705166137293533,4.403389079064588,-4.239340998440022,2.982041093409652,-1.3310731851833344,-0.37209137270686377,0.3388694082340562,2.6353363244909147,-2.320829851436926,3.4399024341437165,-1.6375061750333937,-4.307950128905372,-1.9427987215188516,-3.948163082773476,-3.6909598748370733,-4.03347787769702,-0.4734789744625765
1.546683726623737,-0.2393625363459675,-4.397464624177239,4.8078563199346185,-0.7339634877229955,1.9010506392999362,1.8912795984763777,2.046163107999835,4.3990220033919964,-2.743963970051956,0.6524620310545686,3.3382481595263673,3.479791341979075,-1.938771488956319,-1.5898362435970226,4.509107650350421,-1.5043080772085098,0.8180943947603296,-3.1427219158298136,-4.756636271898373
3.787590703503117,-1.8918695088229915,3.8456341287793556,4.691364106761624,3.050323578260709,-2.039848713014305,2.3121146533119363,-0.5984742707113426,3.1548553409301956,-3.1236615545858384,-3.972383552187922,0.6178320995162325,4.360965802233368,1.1785857181341068,-2.4940199806012373,-1.009460073212567,-3.5923739931192538,0.21491609453654092,4.540074959007692,2.490444583273762
-1.756153307999801,-2.16150335254094,-3.6375979585208524,1.7972089136236562,1.6771148812695627,-4.470794570981829,-2.0461682245144575,-4.365856043741294,-2.5971146555693956,-0.8474033349703483,-3.053861670889825,1.374118526729485,-0.8817535686214439,-1.8671931543121651,1.5570643620213032,-4.6534873596976984,-4.5596007967976915,-0.8526890273580277,-1.2223996641569324,-4.997245599463775
-2.2326212368596217,1.1629229362088358,4.550794964730061,0.5622141482457756,3.356027696105558,1.1098578504109815,-0.13733545325975882,1.3688371559444343,4.08049712535677,-0.7932561122104325,-1.6174754073859985,-0.9629485792982653,4.764029109363912,-4.4369483971509425,2.0920045722054397,4.581108798367961,0.27991281682713254,3.822987470953983,4.616832625834311,-0.9301811764596408
-2.420299773558007,4.813152327922328,4.179092701133069,-2.5255365345495786,-4.823198118264609,1.5563790757610887,-4.3054597820719955,-4.431100090461386,1.1872054277669069,1.4786357723003647,-2.4905863442047256,2.5386451910657026,0.9448514948085656,-2.3260424882260504,-0.30564284778574624,-0.4143733693090068,-1.0014652569220095,3.310969407130621,-3.334090271268556,-2.1371306893005917
-1.3263930539993751,-1.2441522123518518,-4.845797097806267,-4.88072594884325,3.6655105378046375,0.6836807657074608,1.7040905652923355,1.5919674149727108,-3.6745366517225606,3.1361838837693927,-0.09730948646876403,-2.507990268520224,-2.377016828392855,-1.9743530056664405,0.11635825256393151,-2.8784713754587137,3.6277596080433803,4.50108852054939,4.379525474516029,-0.7541387200541347
-2.800779407738841,2.0560742024959433,1.9229979708036646,-2.7692407661115697,3.766779062448016,0.4279772129980479,-0.7583995119176601,1.4550787066939108,-1.1413422681997218,-0.011144993245410184,-3.855127005066551,-2.6970421797264903,-2.2102486718515917,-3.542543085439772,-3.9607070753392843,-4.361091396672965,4.501211331964923,-4.401226440324698,-2.0316039635897742,-3.398502657566396
1.7469371500126138,2.535532312077824,2.263977627835681,-1.1686349938170948,-0.6534679811014801,-4.9826198016073455,-3.4442924643789494,0.7070579476784964,-2.508613223980982,-2.330797739036025,0.8786994370288177,2.8829997430483054,0.800529388527,3.178428193102773,1.9250546573300253,2.339879190741061,4.688471414698386,3.5376315476052937,-3.4535245568032167,2.7010942223493224
-3.9215090289631522,-3.1973671484617987,3.0233352442242953,1.1025403702420835,1.8633859566752173,-4.843313464388194,3.482593501134236,-0.745096672329904,0.6428825230443085,1.3686863043799002,-4.038787205635835,0.7122199647905667,-4.610155817242785,-4.237718502877777,0.1771835102456265,4.358911434680127,2.2848259014322414,-3.9312444632989445,1.496141781524991,-0.4497147680925506
4.590627674870971,-0.4464454941912779,-3.1385881955196906,-3.293407731529122,0.9308424483014468,-4.3466313708097575,-1.4102364412063269,-3.8715342216005126,3.1218803064774203,-2.0622661205614485,4.268638616935364,1.4247553557752681,-2.433041399438061,2.3673674629182564,0.6115909180893064,-0.45519686673056636,-4.75861572118469,3.857278753911631,1.7283903084352374,-1.3136590356109017
-2.6797195919602492,-2.4371154934648405,-1.5562255156287028,4.224671762033767,-3.3828861234857657,2.5191164856382926,-2.278564438898194,2.7340548693343987,0.48941774536633886,-1.8884870168872316,-3.4479260917319676,-1.24326405426423,-2.901588478023146,-4.987606629349312,-3.4057042359994023,2.0366973434079476,-3.873748105456161,-1.2392545009524176,0.8508771188976683,1.4772092821291523
-1.0272057623816409,2.6157614547840105,-2.74603166048494,-4.721043196108233,1.597690565654192,-4.7757892282937044,1.813341423634367,-0.9051315734444989,1.4479429450083225,2.766780427142228,-1.2592009508261848,-0.02372137243304806,-1.0196319156517126,0.9305705049030513,3.187964938156915,2.9081479021559895,-2.9533350627329633,2.728594789017822,4.132105249814305,-4.4411104555150684
-0.8197573813613683,0.617833790950816,3.598399593808889,-4.33286249390059,-4.312250318500283,-4.526696703516089,3.169957650725694,1.8057172681769327,-3.8031258393893137,4.7139687188756,-1.962468669405244,2.4631094433462275,0.4074036929316165,3.133141684048999,-4.423324042805882,0.15983010770363482,-1.9914854868577567,0.023637865937540248,-0.4657163380898073,4.692511193295164
-2.5865959283611266,-1.3568888790852878,3.3455679186621463,3.9843358128809268,-2.3776903496754915,2.389623286888366,2.8782570081429304,-2.7714583820156236,-2.6970081097843086,-3.3511852205074026,-4.6669648932849395,-0.44932232832118313,2.2731364618016734,0.727010407116361,4.453818365664478,-2.213045553155386,0.4138388373164359,-3.21606356679274,1.2423048467284845,-0.02283543235978147
0.5002356841599429,2.368085234787033,-1.3895906676399554,-3.5800894543616355,-2.9850119894703973,-3.133866574455597,-3.058724467035353,-4.993039615335152,2.3194730428969548,0.08987655517744297,3.0364129891714704,-4.141901978648827,0.7877377470576814,-4.046707033758997,0.002406684256182956,2.6496003534844483,-3.4182573617381893,1.784384668436548,-2.819460461859615,-4.938098348124067
-0.18408618714732583,-4.382683249866498,-2.3017923024255933,2.5145970224933762,-0.2990608371769552,4.131786651637274,-2.5507132425508585,-3.31895928808639,3.615861356701176,2.912636514695209,-4.406994293939642,1.5755058167254692,4.086110759922114,-3.1814042021406044,-2.0375839625949594,-0.9181545641099866,1.233581728028641,0.10271798347195737,-2.140717448756522,2.186893404238706
-4.827857907949133,4.468629500620921,0.3567565498241132,4.264362213952035,-2.287759724346951,0.7292085524562637,-1.5490313239567466,0.8781893154729472,-3.1487679030687277,1.7978369431829266,-0.18134638974005934,-4.36566088512623,-2.6515216867983247,4.55332621572812,4.18218401013424,1.9401841471218164,-1.4296519387853475,-4.10960947092372,-0.952169298202544,1.0620847286815316
4.311534734154478,4.218661010244531,-2.257617192371206,-2.8408031529413975,2.2310268850784496,1.02299097573046,4.979597274757712,2.684989841983171,1.932140003747051,2.8036043799852903,-1.4507295476210076,-1.3567592116153304,-2.333949842112793,2.1509592165272338,-3.122135181787989,-1.674461372279374,3.0685033522087437,-0.6367939107935303,4.3402588902330095,2.5116834595319357
0.0056112385312729884,-2.6610423349293724,2.0575025862875895,4.149313314868724,4.391678501497564,3.4026943582487448,-1.646005324954288,4.337723899180432,1.7829972568865662,-3.808663195928567,1.0509430048853519,2.4439039846056616,2.064263114013304,-4.613188923733878,-2.357089826119581,-1.1885546240892615,1.5007966231038843,-0.6933230340285865,1.4320550135333505,-3.589126961311677
-3.342131328978942,4.008366702206063,-0.5376340551648475,3.386733598857411,4.3054103507211785,3.876512189206956,1.6675544695453333,-4.250786588976639,3.849120790410666,3.71799910847904,0.2213403896422239,2.740708138238297,2.988633186959982,2.5550171504099604,2.786658595182593,-4.473178467797762,0.7641521833709373,1.0206237494614,-0.10380615317061004,0.346548800472136
0.7184884612079863,3.9554060572190544,-3.4450676581010677,-4.096459596980063,4.616209071509211,-4.075191900601515,0.2578572994916506,3.6994149511100733,-1.557826127045165,0.45258974787820794,-2.660039704523953,-1.2811283264814683,-0.07153771409766563,-2.062719206970086,-2.712438006629803,4.689276241850941,2.0515633402049396,-3.3717041753787313,-0.8376202822574079,4.023480954300689
2.045475200261241,-0.5896646804071075,0.10187512086525885,2.09902072699097,1.3530872960162412,1.7619232011824906,-3.627445868833892,4.884299913272251,0.6502918822504462,-3.4436665211920685,-4.835285605533418,-2.6179318110902967,-3.961088185089738,0.4159562103684671,2.9419162023396117,4.073339465897675,3.8178375389822765,-2.3224081754181536,0.09277554387061393,-3.995458098249696
2.7470075262258744,3.2411511080426223,-1.2630474409616452,0.9956479285297037,-2.5154157516836486,1.2388395387448226,1.7880938895816563,-2.9009372447417547,-4.8856880593924465,-4.241664881567692,0.19881778997105304,2.8410431203236346,-3.548226375835578,-3.67565402880206,-2.0717124981071877,2.2793866569321715,0.9754489966640119,2.5882493887811533,-2.6610939126714053,-2.350731547448239
3.003082449417036,1.3484008424118628,2.8200223509233133,4.776041747775167,2.3975320235118858,2.6834311298735,-2.6207109677313816,2.1253899990813805,-3.362257885432348,2.4920202355373817,-0.9316894537465252,-4.222487516223425,3.9179283262434197,2.9942754693649034,0.7341195749843319,0.048940530171577734,0.8497397664137836,2.2145856625743443,3.795136237250862,-3.2874987354551863
-0.5858070905965507,4.3150912048995345,-1.4121221540460915,-3.3483918378272954,-2.076522925995728,-3.5667249794115112,-0.6928807529159879,-3.0947621373830927,3.884054561153796,3.1715400395508873,-4.275733535423947,1.1926320596173294,-2.8366919128030728,-0.4992895809659057,1.2041851103545342,1.9609571747243333,-0.9512788682565922,-4.792689647394339,-4.929122721884877,1.8240724163388897
0.7798128351575091,2.4413635588075575,4.870228360095291,2.7291587009288554,-1.9442033396795724,-2.739100241268713,-0.5084895819424196,1.6244766553613976,-0.5003331171801149,-4.352539108706083,-2.7335670539095673,0.08762832192449643,-0.7423758568781533,3.0320180033173685,-1.394488186536544,3.3031002053382537,-4.231890287190138,-3.582591398921589,-4.459901897844989,-3.182223609907658
-0.950869369890432,-1.9842850386013384,-1.148186284806234,-0.015552366776196536,2.1508487560052822,3.37489004426933,-2.8286745303369476,-1.638826484850115,-0.5914606468480095,-1.7721644675705974,-4.213817758932381,-0.2830827173214958,4.680750643964613,4.450427958091103,-4.0295207951000425,4.711293244040158,-1.4959187757375587,2.6829971722311328,-0.23948424974764482,-3.9088945660370156
0.1705284234732174,-4.480247798203472,4.671075228702788,-2.2654305714768714,-2.829835243888546,1.0542126705775035,4.675920945797815,-0.9811858211128914,2.384678571433528,-4.436798575039923,2.99832655420433,0.46438172348398776,-4.390824284699219,-0.6837183135696963,2.7293487393174694,1.257389122576873,-2.071211987321717,-4.379373494657459,-1.362627290397716,-0.8155891764279692
-0.4958145352494414,-3.7395891810634496,4.329604211730905,2.693702054447005,3.104037666454399,2.030531223560697,3.6641027860807682,3.6498902548594394,-1.3864603207985056,2.0642364515730804,-2.187711537154129,1.3329008913481788,3.5754151510313896,4.026075571964276,-0.40653794678814137,-4.0704718235172,4.324324704898601,0.32090663533192565,-1.178442849705438,1.7455294095631722
1.5927274228728265,-2.642574970081567,-3.013178694907531,-0.20852401963521494,1.780944633704368,1.493273018723639,-3.453691930716897,0.364859261274769,2.103989428065434,1.9580629483282497,0.8162466857010493,-4.613488387310254,-1.7432361297446408,-3.2396151581757877,3.8350263646458025,-2.0072612054909724,-4.8664167982629785,-1.8364384104042353,3.884178767518211,2.842347939188354
2.7732599059864693,-3.312945745111869,0.08164119762403566,1.882828554109719,2.287535668807444,1.8460636851054044,0.47500033021104215,4.047578732779355,4.4953428718754544,-2.224964046854234,3.843888863036483,-1.1689018485195666,-1.2906735232815625,3.9562767344329828,4.1225627497176,-3.157982450369226,-3.308937790637586,1.7322123240646148,-2.2102119746127213,3.861416801415597
-0.261103213514005,-4.538708188270962,-0.738328482955052,1.6146647209540212,-3.8776648164038274,-0.45216928686379987,-3.8102770725385398,0.28300806611561846,4.902308293003292,-4.793016699967528,-4.3454734873313114,-2.472950441707233,-1.0728204028116313,1.8577540848709804,1.309768641415383,0.4062623057893262,2.771952631065022,1.113648251731476,-0.18945278075595962,4.96491279132734
-4.667247024989311,-3.4081972857466063,0.6321963677961655,0.887826741454937,-2.472195241642571,2.562419268140472,-4.698523015069358,-0.693015502540443,-4.320241243503532,-1.726517292869321,-2.2011088183763547,1.460797175886488,-3.340291522783385,1.5546352358401538,-1.442865244579795,-2.903605236331616,2.5037094806516524,4.713290658996428,0.29972212337239057,-4.716901453922333
1.956761960552278,4.70857092370318,1.6636841090182122,-2.964729381280148,-4.6524118882065135,0.5187505769704446,0.12266963697706679,2.55698254952555,-0.9960585271885032,3.3682538833201043,4.528353857090762,3.2877561113883065,1.609642113594001,3.2883208036225113,0.28645083777490754,4.1878997368708575,-1.3755371301978392,-0.9652589517576988,4.089227840976147,2.2003739570938574
-4.96199881179742,1.081730876941963,-1.6999096766366604,-2.4851989518766295,-1.8129602640518785,-2.245408834784138,-3.183323331934777,-0.2399956779276593,-3.194808382159153,0.35719854162003717,-2.618458424909748,-4.70327863904515,1.862429125882957,-4.7187898110237745,-1.7704486638510737,0.9533185444762582,0.6368375437599241,-3.133959353470195,4.296416157514514,-4.5998744806072045
-4.501765267878643,2.172297704654155,1.292805211102487,2.9909935469251856,-3.3027669491926703,-1.1875887792765387,4.422552786404072,-4.6929885623506955,1.8612250728583,-4.554248056956311,1.6188111201600535,0.9134702308544949,-1.221147237791623,-2.1395264417795246,2.4862671880067166,3.8536875051156994,-0.6877692903328967,4.088315467138186,0.4876306342511336,2.1420332752367752
1.0884947860462226,3.882432941162616,3.381896366117825,1.6804317018596748,-1.869271016070985,-3.3612619336884886,1.9854386883348054,-4.720215464856311,1.6192461552587698,2.251849304346849,1.2981631463683607,-3.154711517708707,-1.650798226391732,0.8202942391975121,-3.899468791603101,-4.7452364096815085,0.20695053707136957,-3.319525924592744,0.10737636750083013,-3.3324795975781063
1.6190133688629906,-2.854978734235582,-2.644644661462297,-3.135578499124858,-2.632070642839616,-3.190019632217628,2.8128818073918884,4.360519878342243,-2.8079692770652316,-0.41921990916189245,-1.3672003227738525,3.0189285843743825,2.231019121146211,-2.791787071072261,3.0913920285420353,1.8991011935160245,2.4863395235233643,1.1904889570051171,-1.8613307109030157,3.099656524124766
-0.9124178789349964,0.24257749704466747,-3.7605582976658702,-0.43825167831596445,-4.04748712397741,-2.7766394581799463,-0.5695874575686721,3.8655290017108506,-2.855512795273617,-3.241378035015824,3.990596287628918,4.477449544750156,-1.5578838473776209,-0.2775735769051382,3.300999039543978,-2.6880825933657055,0.552966088733359,-4.083605317781717,3.3178132190237317,-3.739718627479808
1.8393542135086847,2.7139401943328165,-3.8737073137702236,3.228180748560524,-3.296828785395072,3.3227946657827996,-0.860782953015268,-4.242898883475903,-3.9890609604486476,1.3137880420099997,-1.589263243720442,-1.7470998340241062,3.0978118055001094,-0.024053666705667,-0.2816483018014635,4.80981187104393,-0.36474593151180024,4.390820387177914,4.705733485445238,2.96230429851766
-3.6952320722595937,-1.0363956544057706,1.8659897625319282,2.3089977565813067,-4.417575744936568,-3.2115753188309206,-2.9403846318724804,2.3899803050369064,2.229074830588819,1.5662502898103128,3.40243219388244,-1.3222444711769699,-1.3995699457936177,1.3156054976573204,3.7129074392271537,0.1456178001806938,3.153089210522804,4.57237261173335,-2.48744071848207,-4.286314575964246
-1.397683887335277,3.4247483636595426,-1.328489549626219,2.9349786876997594,-3.1747917078870356,-2.6922632182973913,-2.456061022628427,1.0603912057572487,3.586130886285906,-1.5451209930398342,-0.3241144493565864,0.891764101364716,-4.812722869154555,2.410936589903921,0.9864860233669663,4.459813716064044,2.9324232807043726,-3.8116365963788397,1.5034101905053916,-3.466851539478629
-2.7131319884085072,0.3173486788142217,3.5234319546150754,-3.241957334074977,4.994263178287101,3.6615262193010008,-4.084134457232092,4.787798047841509,-2.6437156603382137,0.9131362290604059,-1.2394577594329275,3.558932718203021,-2.154581847308398,2.8300783966942262,2.416205493839998,0.2199665891956606,1.062980642500464,-0.1714680147687604,2.9572975572939626,-1.9779982926109465
4.795089611857486,1.9970694375713407,-3.2210453454941455,4.0956135988547935,-0.8487286173452189,0.28779055894159633,3.3588309271402146,2.7923852853710462,4.893948825255801,4.317731841782434,0.9679511175743407,0.24343803892939686,1.5108769323103584,-0.8147079171019547,-2.5667550169447138,-0.737514239968478,3.8723010928705843,4.871287872587153,0.97398140406683,1.9024348679467282
0.31466706491109164,-3.946917656539938,-0.02398838767845657,0.4828341375016807,0.6514242317525154,3.902578355537825,3.0582396979768323,4.0742889418534,-4.768273843954808,-1.6581206193117048,-1.0978118966613302,-3.7245960133101974,1.3174616368852057,-4.129833925909456,-4.278943529191709,3.5822422508552005,-1.6290347824128029,0.6051136494630152,4.586947610135315,-3.439332691976168
-3.3560692784170576,-4.8096688026206005,3.900279535881168,-1.0471631166000934,-0.3932403752933089,0.8370992738588088,-0.166654139755674,-0.02754048243805407,3.7958355344494876,-3.049542153070989,-3.517589650737891,-4.5824948669715555,1.352818312368381,4.874985071991931,3.4557158110881723,-0.5573553676969816,-0.8561726637171727,-0.47411475514869483,-3.88497620861706,-4.495591063352954
4.515632603122789,0.8897130772429591,-2.8041913039597057,-1.3639306460825633,-0.028442282316118117,-1.4770442377117758,-2.187572206541852,-1.9632136486715601,-2.1325828350197966,4.285689772813118,-4.0687308296067535,-0.6138671396737951,-4.056711301606836,-3.7990152525612735,-1.3166525237065536,-3.8963572885634417,4.3712307454214745,1.3334606274536922,-2.9983324026891895,4.4484047372814075
-0.686879374016188,-2.3815874979516796,3.1380633672279696,0.17479784661418485,4.667609752841839,0.49407172448767156,-3.546748171678229,-2.4413097660839727,3.5329547044636573,1.2182745812099611,-0.9994380535535408,2.9969851510300156,-3.288498785836442,2.486420498805556,-1.8178522644495203,-4.304209833003483,-3.533563176200412,2.35481155860948,-4.823300700586171,0.11856159780621045
-1.217926444535442,1.250330321029928,0.4338707442592149,1.0197504255774223,2.554712736970366,-2.0878214077481982,1.1104428508003172,-3.6395110978474703,4.556073463381251,-1.6238426552033296,4.455876488450464,-0.051789949460893325,1.2155880911204004,2.2064095458198043,-0.7208295152832678,-4.978659569327802,4.294115296231167,4.788234743636412,-2.0744976260646775,-2.562133447599938
2.366485413177628,-1.287966403776891,1.000856205447005,2.127861645834127,0.2559694931241623,4.181649269219744,3.434492156633123,3.7611687774099707,2.88476205491553,-2.3782163903197766,2.1534430594578104,3.738787774030044,-1.9606079201705802,3.6853373856288023,1.4368375967603555,2.743545680448668,-0.06672012039048081,-2.6462904704769703,4.680912073619693,3.287688498066059
-1.5333537761004563,-3.131537065158077,3.402051023300734,-1.4723990082397398,1.2731462860619622,1.381004150806997,2.208270997062911,-2.0028413518433776,4.308664006215505,2.249987715835932,-1.1722346039588807,-0.7305059042553523,2.732124354339205,-4.155033396436995,-0.38830466969742883,-1.89676706218451,-3.38548376192736,-2.292629226669619,-3.587324356160352,-3.1135513797562284
-2.1288813306946865,-2.0295500747923203,-3.9583178123544176,4.620332514667565,-4.532237158937536,-2.1466882342370597,-0.48337263052216795,-2.258025879443305,4.412995367339738,2.1725898061059716,3.222033712718673,0.13389427155030198,-4.748640914642913,1.2874072294903236,2.1833127950803863,0.5618426358451423,-2.58534995478629,3.364565019897256,-2.3618599603280392,3.0401622757240396
1.2066854882601152,0.5133210223689115,2.9757549628171978,-3.649315257868443,-2.231308422324045,3.9850323491349684,-2.7848734579926457,4.484023460698074,-1.0106676243279855,-4.457192021243593,1.3525351440903988,-2.8771980472583563,-1.1294441205959798,0.17266913239095238,-1.6862798517466828,-3.298497155216359,3.310931163355683,4.904624451588589,2.2034719514800543,2.86735732141244
-1.1990292822212947,1.016248595374254,2.24770834907015,2.5578308534727316,-1.305155086323028,2.7883286894016193,2.179215736574406,1.690277960803095,2.0987709930429013,1.1576711486575375,-4.534051752363272,-1.901300491582647,2.4489032898513194,2.5442544457580656,-2.9584365504137415,4.0243500892799275,-4.686125507073758,-1.5288761815754381,3.0327159534064823,3.190922266126904
-0.780467216026536,-2.9636007622068052,-3.830206904553883,-1.7070332269144215,-3.9016028365888387,4.931997636725999,-2.653035602142108,2.3205245876780767,3.0792843634247156,4.084904277255916,-0.643399855699128,2.0098501257216164,-3.1240667972168303,3.5113642952439825,-4.747946442137594,0.39970771619889334,1.4934622851100965,2.1382270184398235,-1.8402517731961288,-1.0590102577304528
-1.7373798487545224,-2.1481757789311153,1.3437825466851478,-4.796763146317949,-1.464785763952957,4.670627426193704,4.552178639337793,-2.7352539718124356,-0.301093356481422,-1.4715926381225195,0.4272408621181558,1.5218695766667363,3.8705098811360283,3.381231096447044,4.831154757651211,-0.6148319776381808,-3.634186306859009,0.37146146059776086,1.1236143959097138,-4.865558687082232
1.2751977300184612,3.0317584565780145,-2.981886125513501,4.578122897832365,0.9652529649358463,-1.3914133134480466,-3.011437131949,-1.0198216468961032,-1.5158209801440776,3.679916274093772,2.1019907194333056,2.591161955314167,3.3379512990926035,4.359378172859913,-1.0131554380169812,-3.8465616348762635,3.023296062539309,-3.28356098325834,2.4659712980342867,-1.112734596534355
-4.012099245448589,4.17741993485301,2.9080454051775497,-3.6700062770201116,0.42635834653907434,-0.925637155613531,3.119817699346319,-0.6394602667355223,-3.002078061470157,3.848345185404101,4.854061832482376,2.3821628341949204,3.6550029310049776,0.7671431461310299,-1.8604888281504484,-1.8467716586311411,2.5637431733110825,1.286940250179982,-3.5173584806590252,-2.6479187240910154
4.464091352025628,-4.223602816458017,-3.5253992529621003,4.9116397002916585,-0.5168749801084918,-4.610845107616643,-4.4670143022091215,2.4887135359575083,-3.77536712555114,3.095848776358885,1.4849323591333476,-0.16534888091983468,-0.4144834036536551,3.330868025346021,0.5408209440953087,-1.7815082829113211,0.08952450813647772,-4.039926989217692,1.857809605288879,0.6814412898653792
2.8674331337505876,2.5934587469608417,-0.646957777140055,-1.9729275093027616,4.04785559358386,-3.888510583546039,4.059664949739869,4.9456451983200775,3.0228237289336093,-2.6358550374142826,-4.755874428362531,-0.7610592047178564,1.9433501437947598,3.7109742733963422,0.4088443333890357,0.6304292114850485,1.1636976814535558,3.050068121943264,-1.9398102121826808,-2.219547589689615
0.8307707585712762,-0.886747983053497,1.2027603339463724,-1.5968241822796223,1.7131457560196148,2.4724937034015726,1.5533743607851545,3.080794189054089,-4.90198418944731,-2.168315937409695,-2.8166110702035714,3.0560462758020073,-0.2574903240699049,4.954412980838374,-4.561743233426324,-3.224804323864061,-0.8276226795319204,-3.444614015904854,-3.416253915659543,-1.5561288156662711
0.9007838289721635,-2.3020156039984085,-1.5182783539228808,2.364171258092247,4.144707494847765,4.78726127680935,-1.3001074429533732,1.5087739804869624,0.51198250411288,-0.3484767214641078,1.9360485924478361,1.942421261147473,2.769816938400913,-0.5513634828877496,2.982097125624337,-2.1715213153848807,-3.0253099165833124,4.169934808136121,-4.867301321689427,4.703080393456563
-4.319502906149954,2.8222739085864488,-4.528147755889024,-0.5857510485181567,3.732998197117281,1.9968827090751864,-2.12356472730521,2.2139331052892652,0.29624736988544154,-3.7573513293226073,-1.7049516825930358,2.638465852142372,1.171042821917828,2.002213712540815,3.9861780481947804,3.3606938076036137,-3.6703098697748966,-2.963821977451121,-1.4298089185488134,-2.9107177180966874
-3.470245023921852,2.2429143697761846,0.8274835313572844,1.9468739396199721,1.9249392923900546,-0.9771530630408511,-0.33208213936313946,3.299237361086334,0.2202794140082167,4.046137474003306,-2.1420358932329036,-4.944116939843002,1.7615447371178616,-2.8514557235730784,-1.5481193790608212,-3.994853493716761,-2.79913355207581,-0.7533822781978579,4.481936710945703,3.5513406393928495
-1.4086201021070694,0.059198219178309586,2.128043835057837,-3.736499014750903,2.6676878367911305,-0.7143417596900363,-4.9172583460758075,-2.076381796418414,4.034052147485204,-2.5042226917642614,0.33340781024330024,-3.807626507289961,-3.7868796680086807,-3.906653802869264,-4.148242486661072,0.6616444664881751,1.3477530839175857,4.310496433795851,-1.992100468135925,1.6172348171989839
-4.890119520146644,-1.167360212159271,1.4419755430824654,-0.8462471399502949,-3.8250737335118714,-0.015286165478642033,4.942777546550726,-2.3351867849495074,-1.6883069655649923,0.6761604620688599,0.3750699615379425,-3.5131607742172966,-3.357211288609,4.0803598247145345,0.48528231222204177,-1.1110581495271123,-4.058319170229229,4.010177867544986,-4.252055069447805,3.503941574412483
3.7408186238697088,-3.6165711747548293,-1.8584321888252067,-0.3930948428429044,-4.975365040109768,2.6477284439027162,0.5467489319105932,1.3358848195477417,-1.9843841482834628,-4.697811828829871,0.9342554728905439,-2.9484833568944433,1.1242287380999283,-3.6471670536378085,-0.6777402504175019,-1.7454278717908793,-4.442453987693002,-0.1164829985854885,-4.778502636637393,3.7244719422981625
3.378376539566437,-1.4027734942573353,1.1694111624782524,-3.8254291679846344,-3.6195134974534393,-0.886712707985085,-1.935056444973129,2.905104260609538,4.60159109459957,0.9746660909891371,2.0654621931133583,0.39551267247781574,2.53085284365537,-4.312123145135127,-3.9250931077949653,2.0881756065850867,0.7330686073088479,-2.83262596718986,-4.7057960881925975,-1.2752871320867927
0.6286101956334358,3.157510377194086,2.6546990524674285,-1.7845565909023775,-2.416889676657817,-3.323848068301033,-2.3105233507510743,-2.986249477124536,1.1188314585201775,-0.7239860868962475,-4.957603725835252,-4.1920965399566565,4.171851377687123,0.8673747117431176,-4.5434016340975925,0.8851382447259803,-2.937511456518326,-1.8971766613557572,0.5912955898040853,3.7982669359134427
2.186399385412818,0.5721438641116876,4.61030585400634,1.5911832030961426,1.150255139195771,-1.2445152215938613,-3.6670408229908293,4.138933135977412,-4.579698695089525,1.7292726973882058,3.184183741057854,3.7758031740233875,-1.642064592614696,-4.789175912797843,-0.8704585347687992,3.286255643431655,0.4514423761485915,1.5711101728537962,-1.2632896932056403,-1.9052016626489365
3.0513012467401417,3.6920475769519445,-1.1512560939430831,0.23758949955929154,2.8561630903709387,4.073595597400496,0.014617886322602303,-2.149435713492311,-4.269271598900104,0.5539977531408518,1.2273246217496308,3.8875567792830577,-4.0084231405526545,3.4138529373890876,4.7537666924151605,1.4705676286891425,-0.48976934333149114,-2.552407283028442,-4.101197743553717,3.985701191906795
4.934084112590348,-4.901827567568908,3.2915729171227746,1.5441931376290583,1.8232381605977785,3.608217088112953,-0.24513050417222004,-1.4344125709724693,-1.3075376663017888,4.84771996476778,-2.3860482782453634,0.8089185632504217,0.533287832465227,2.326261173499873,-3.3143361248347025,4.239398886318218,1.9911851072543172,1.9818003961266832,1.336424260189939,-1.158910640038537
-2.395414656115322,-1.7716612445408764,-4.1168861027809385,2.763355974380337,2.9334042382351058,2.101609511959528,0.9118779269831547,1.1787892448771897,1.9977073288877314,-4.906806239100084,3.676613576283918,-4.453605543200369,-3.0845033322538065,1.5047463915906345,-2.1018889498894673,-3.9403021300191536,1.8017814161175547,-4.818239381741618,0.6371238796391365,0.35797562385333404
-1.1270675014000937,-3.2018658625679066,2.761493950988406,-0.6394873365214089,3.033645527632814,3.7833677330414,2.146852322013702,0.9837890752158343,-2.0625355589818053,-1.9714412930559106,2.3140878904850677,-0.30942885750802773,-2.0119895745000265,-2.572010059564247,4.097100374926693,1.6396279645708294,2.109961013924421,4.961045145563416,-4.354235610644149,-4.827031707331142
1.1435364134851023,-0.7001171510584516,-2.36929130038356,0.018572850590641288,0.06114435260843987,1.251349884634485,-4.435722333363735,4.524843485796717,1.0833044529302516,1.6542693767456997,2.7207498209409566,-4.537104671082619,2.1832792585880423,-1.6561179550363718,0.8050798649749158,4.927102098904827,3.555899189093223,3.274159560630988,4.86868956791068,-4.117435803152512
-3.002261553702748,3.3018162657160683,-3.051805078355048,1.8047368971462587,2.346707677052672,1.8685522226545714,0.7708853708251917,2.522623751228074,-3.5464577830060957,-3.569629931978673,-3.8412240645992672,4.8859260915461995,0.06482019432427322,-3.2935942736991644,4.954737268740367,-0.03232116302599142,-3.7441562239801445,0.7816793509537012,1.5893209254701581,0.18302906668574792
-2.0108766066340404,2.6519362756659532,0.9511082942584848,-1.0788022621909255,3.4219855295089516,4.8933265015166025,4.784639721080598,-0.8041114804688885,-1.8335805171684276,2.6217880244255625,-4.587785143292445,4.959900524235474,1.6751691911018796,-0.05736073233357519,-2.6186929101750014,1.5354449662372254,3.2093273292536058,3.956863986952081,-1.5185357270845574,0.05568752999886151
2.9359952725409606,-1.9296331799275168,2.16844910301357,1.33388268950792,-3.4464646875324387,4.360799753109841,-1.961859719265902,0.3451425801921362,-3.4897286186644676,2.7326221476004973,4.561646318611569,2.0875026078618006,-4.220783979014961,-0.6119341936080067,1.1913763938096054,3.054829194459895,4.196102463527318,-0.028511080488264895,2.001767970707763,-2.8361873793079004
-1.696028104725806,4.149294131697861,2.5178417665281057,4.471726026259557,-2.6976321155992333,3.462011561213078,1.34151856963636,1.959157669749172,-1.2751492854887738,-0.8820025623307064,4.177353745856159,-0.12353364022600655,4.8719864734273735,-4.652854621196849,-4.778993072959611,-0.338106384467566,1.391406221462745,3.4906047125431847,-0.7134503218244861,2.564425900083588
-2.348328444946483,-3.7563836874575527,-2.2469226850261705,-2.2214102918362713,2.035284786099565,-3.472782198150787,0.09672943431272074,-3.0095477879396073,1.848254577204937,-4.123102442655309,-0.2836117203143109,4.698076291981616,0.47058239997188345,-2.380856329378876,-3.80333685530194,4.9505650172853315,2.699697812729931,-2.371917479933587,1.3588803085744718,-2.2817007617913365
3.2763934647271302,-4.052317847612071,-0.3699865678774632,1.0655392105256851,3.8565830452391143,-1.7475921023566876,-3.1449898697850274,-1.846895013566669,3.4501613274263363,2.038047513755644,2.926061842074862,-1.0124861991618257,3.774535610646806,0.6851914773734116,-0.23798777582968,2.8120752760597645,4.990403260675132,-4.559135909235799,2.8606034021210736,2.611898765722697
1.7887468071971222,-4.150776059964156,4.9490872106124435,-2.3062059715739935,3.279607538239304,-3.060532992627668,-0.9676044455559278,1.7251293667044933,-1.2327165968898894,4.965449651140943,4.7281736993167165,-0.8589114169277785,-1.7950697510668618,-1.7740641144098035,-2.945144481691391,1.3939886528762848,-0.18216415471091807,-1.9197510122136592,2.3332246301295143,-3.695274200575273
3.5176054438689732,3.387360754275605,3.6524258157283214,-4.25743888933532,3.9928164759197102,-2.496683520948808,1.4647510005473094,-0.3695739189331597,-0.18327939970448703,1.8822195745876291,4.785914502582781,4.132572943244936,-0.10015713577777241,1.6086062391538123,3.441931833198531,4.281057157012619,-2.4817658604657673,3.924137053835512,1.0748330957158023,-1.0308976781953487
-1.9186920322043233,-4.348175741703862,1.060688478211766,3.01375245506909,0.5769966254772685,2.918946466246119,-4.805768983333245,-1.1454923334254232,-3.204982164168909,3.596797696454246,1.6754121327685283,-2.162941505227358,-3.6643986415156764,-0.7930148450824763,4.657122785659878,-4.010624278515044,-1.1563258163869201,2.8056125966036696,2.771870652093023,1.5231351264538926
3.3003384917992378,-0.4763432169494184,-4.643277005810187,-2.910887025496172,-1.7550346822564826,-3.040811094975159,0.8358821192234807,-1.271960475956086,-2.737685060668982,-4.251991573630114,-2.425295391654896,-2.7981543834555995,-2.7320265204454715,3.9359551893653144,-4.0631153044929125,3.9336021987689858,-3.499929077056046,-0.2150873163553264,1.6097971981845438,0.5265487410786598
-3.1388663664095593,1.7002491606405403,-4.984787262416583,4.741017963323909,4.769319098360036,0.2128843530164488,-3.2166112581291704,-3.5844086198632743,-4.503722133323553,-0.4750553143318541,1.9891738951244973,1.8111730614919521,-1.4185856790587592,-0.24674899204002188,0.2427805517192807,1.6637564352018908,3.937269171460688,2.0908348772095824,3.9758534630057625,0.4486437708640807
0.6522896836931196,-3.681656941958862,-4.736173561082752,-4.181703753281213,-1.4499271806417657,3.5221842303305912,-1.1213123563327883,-1.4648210015393888,0.5840697180314889,-1.192863113322641,2.8799422361451317,-0.5261976276637679,-1.1817443416377222,1.6645054279275016,-3.66598104667416,2.491553630825801,4.931796080431226,-1.0222187881195346,-4.993689701190853,1.88084955463642
-0.6452902822717634,2.9069144455439133,1.9905853019756625,-1.5054419107329071,4.741995529490598,-2.3711808951613182,4.378548602012778,3.0120066908205256,4.26925040263702,-4.0407440933170005,1.8382491116252062,0.9620596980125118,-2.8958358316025667,-3.077026323086333,4.350076608468417,-2.1182749865979056,-0.026188976382666596,-2.1180716251947773,0.7437994169802264,3.4517533695664984
-3.4483985085847824,-2.7351572961827157,3.743311420245874,-1.4415009053236947,0.7581208869499232,-1.6184553562325799,-4.107007310991158,0.7964675277832001,-4.0055432869859064,-3.257575051498823,4.066908998914517,-0.5539308714982534,2.867715827949695,0.5805148693726645,-0.5648921840978467,3.112851060678942,-4.319131288724467,3.0239920887340723,2.3727456412352046,4.2329383721531855
2.5495869774260562,-3.021487837732347,3.8950499643581757,3.1143306048093358,3.5428494937612154,-2.522150779469204,2.3832542277095525,-3.1490454835798927,-2.9230871593953554,-4.153613794607715,-0.2335756011478365,-3.9823071167634865,0.30939479228412736,-0.9116792861452065,2.278230014423345,0.2807215312053133,1.7381651329651469,2.8835211990595697,3.3851446529811895,-2.743756771835659
2.455066204844435,-1.3206539695178465,3.1532668794778207,-3.1816211859979533,1.480381991175217,4.545021469131697,3.2909407353589213,-4.621185137855109,2.682075518305254,0.13300822037888693,-1.699045263421727,4.432904614652042,-0.5664555277482712,-3.5749921365166992,-4.201812959699687,-1.4808038293925025,-0.40624498641672346,3.7162349003857944,-0.2543826003491745,4.283611676118021
-3.803579609863963,-1.5828006216141666,4.491202146355548,3.557961997264181,-4.785600742316042,4.969939774261221,2.5762397087029845,1.0498443370384871,1.3483984383287009,-0.5739206997402508,3.1349879823508715,4.723544756982458,-0.2009486345047371,-0.3350438842272414,0.7814375504302964,-2.5673212993110726,-4.629010486232201,-0.7014549252185684,-1.7430606252753926,-3.0693507408389857
3.683992400182717,3.2914365705462707,3.0863861994067214,1.4468693048402228,2.6221476714090297,0.18817397520914803,-2.3571927357875873,4.626219481608455,-0.2271470559987172,-0.15597040485777391,4.406139202651792,0.557108819594907,1.0111453265602215,-4.38454057372161,0.89518053677737,-1.9958211622579065,3.9880192220786075,-2.2045242015163864,-3.2433301533737358,1.4250553943200286
0.12952645605725266,0.36918964248505404,4.41522234086883,-4.547283765638681,4.519374218052899,1.6101616653419875,-4.250855030201107,0.06936723685818347,4.672265563727013,-1.0665191797049611,-3.7501218956700892,-2.1011830693466105,0.04359066289968627,-0.5352974867546658,-0.6103422392406541,2.5960515503627395,-4.840748676841572,-4.2492563208734095,-3.9131706344254384,1.1552425412620817
4.975336580051856,-0.6378045985552614,1.8161656116750233,-3.8990544856999882,4.901949751561395,1.7269823437571183,-1.0010006748148732,-4.162818305059145,-2.257391565623056,3.776718044187108,-0.7097832142015141,0.27964133998174034,-2.4614947795421234,-2.2550686664862574,0.6593986981916728,4.793547083253278,0.13654329718450153,-1.4112329093323925,-4.202519279418803,3.3162459734359206
-4.395448655794434,-0.3764325921069318,-2.472321274245379,-3.0236758985973933,0.8890261317863448,3.1591482911710695,1.9470974229848181,-1.9288590350135544,-4.954680476318503,-4.303553178803854,3.769416471367739,1.092135140033922,-0.33044615420334633,3.0743412558635015,-0.06269825918818395,-0.760768994887016,-1.5667064391729624,-3.773093827492843,4.96929446497974,4.187989127115982
2.5672491583491253,-3.9899365474662645,4.096341586067824,0.6600003695695333,-3.0586064503335995,-1.560841859829047,-0.6089316768753754,2.8393866376952985,-2.7903879492831467,-0.21479197431693464,-1.8292708221473521,0.6531885844217769,-4.187823653506045,3.7744341848592438,-2.868633748397458,-2.4113038845206507,-4.131316251811554,4.426863849955428,2.5210481925125663,-1.7155448579790034
-3.230222216050729,3.819234500144539,0.0397100620331825,-4.455617383197068,-4.258589647993471,-0.5557813716077122,-2.065608028240332,-2.5469861579891866,-4.17548135017328,3.3169709484690273,0.1394578848101924,1.2169732162938676,-0.5387326898469418,-1.0770427799524693,-3.223827989678989,-1.4363224685929712,-3.953307902800853,3.2172911097602253,1.156562533346114,-4.353593205468668
-4.771137365896004,-4.292414220820065,-1.2492173525308181,-3.922305045515656,2.4250388342614206,-1.5499525224708837,-1.0875702803889151,2.2835867324366923,-0.7493008043266949,-4.852369984367663,0.5925421698523508,4.03706319393509,-3.8677715716945884,-0.9937146489656374,1.8843715547098778,-3.6921735580858566,-1.079524187354382,2.603943790492883,-0.6100159014395938,0.48864459844575947
3.2065025682559973,1.206805575297162,-4.474154341012266,1.9680543130936599,-4.168988923764001,-2.197896522263862,3.9429016897930538,-1.6844168021753014,1.386665951448065,-2.1225690671660784,3.9454934515848414,-4.963500876735548,-0.155428940406936,-2.219334995220783,-1.2065172647777755,-4.244936932123419,-2.367324359496505,1.5262071869121812,-4.638421203609742,-0.7261455604735065
4.199798080520406,0.4330842436979223,-0.8470796032087762,3.9256504488869233,1.3064909268889089,0.6312185434068729,2.080634233251369,-2.1718193453506345,-3.5526763142195406,-0.6250015231335304,-0.1422296117557469,-3.6438558981596945,3.0212416770592565,-2.658724650768752,3.355007703194012,-1.2803077724469047,4.2356212593150016,-4.870988519079159,-2.8675388695898025,-3.8820897134364705
-0.3765279403017452,1.8479186917858286,-1.9792205706372918,2.4695792984006912,1.5065981302677791,1.4139867788042118,4.213022230048821,3.7271785017680834,-2.467132610368916,2.8705683208698707,4.962227510592662,-4.27914942380092,-1.5011223215510663,0.5415071395532429,-1.9512343361519195,1.8448630589710593,-4.046661292093746,1.635388186510692,1.791511051957717,4.914539329223855
1.6771442677024044,-3.370127657838152,-4.933992421316611,-1.341776876056013,4.452469927037445,-2.629309226392034,-4.183384486564007,0.5635671497833306,0.876944043001501,-4.625561241088802,-1.3192309220323373,2.1463857075418353,2.8328139398412624,2.8836712972614773,-1.7442642269051944,-1.3267941470771416,1.1482258749024972,-4.904550077807039,-1.5986803811754484,-1.4365173699650406
1.9148367275908074,0.7918633099378756,0.7207202535167205,-1.6736833348852187,-4.462679946708556,3.2216604985804054,4.264874823060607,1.4392632117479733,-2.4424275911887405,4.621636311669974,0.28648509639190856,-3.570999983973648,4.2802868368129445,-1.82517130746974,0.9422266543554496,2.9961334635201133,-2.7483674748833593,-4.333658356382425,0.9419792624152468,-2.1870066330680653
4.8736060321048456,2.132234381114709,-2.1882103871295318,-4.201584121087576,1.414477054911794,3.836529554547244,-4.630486382419129,-0.7697309023958692,2.5592501276445105,-3.7188688280535134,3.256884005749024,4.379229084448594,1.4944891691263615,-1.7009434759999382,-1.461155995869365,1.4020715737073166,0.9054005361073507,2.9000304717974803,1.8203831374796353,0.5930515139265058
-2.2720027188593743,3.5068677466383633,0.2348057555533849,3.082365556186728,0.6035608206468552,-3.817161635513022,2.6199169153574386,2.0911994368325217,-2.9598729968865363,-2.447779743633495,2.799536861812814,-3.319756503067044,-4.587983455009887,-1.3044206069626747,-4.359003893534843,3.9861119157198193,2.317596025182013,1.4455817121127312,-3.0623175189649654,1.786970899580095
1.4537524002341424,0.12912179298447413,-2.0880143238731397,-4.8197761450571965,-2.765769922119355,-0.13058186278169615,2.9120083063698203,4.740089983814089,-4.136312654280768,-0.056462059614201365,-4.8565076127850535,0.008526958937968843,-3.9246857203935046,-1.0452861675460912,-4.648844512358823,-0.1345000638259899,3.73226539129128,-3.886400064733328,-4.173317387075056,-0.24545679726458225
-0.7372256038991871,3.788120476441822,-3.152632117885986,-0.10737606235174724,-0.5591260979651516,0.34752269086006926,4.461520220188733,4.572903597970727,3.6745051521254233,-0.2928072509209798,4.66069017045373,3.5107126272577354,2.5695439234370854,-1.4790760075699212,0.37450363102779693,-4.25620974889105,-4.194323358376807,-1.0790941612636273,3.6301720103495363,-1.773962629812973
-1.9570891303978062,1.5781150208001797,-1.8122199868374333,-3.3780693491596443,3.2071137156482408,3.7379063163240307,2.426895379044786,-0.17949932943849678,2.5181729499895926,-0.1130384595197853,4.8423088135714,-3.090734033112078,4.545087286612832,-4.586765699889966,4.016284249757216,2.532665720529944,-2.253886021421854,-2.092373259365206,0.045568577669153676,0.8988260010684677
-3.529207176984308,3.9063364743536777,-4.767175080159653,0.31765080716554284,1.1296123081309482,-2.418170181850668,-3.3987643998851995,-4.304513598436622,2.9604911276736177,-1.8085925709357813,-2.0091563219594426,4.278724016129944,-0.9371451623694584,0.3850921675883425,-3.165730760627581,-2.997699350165961,-0.14345716219869953,-1.3785196059894678,-3.684747115638823,3.6255441443272076
-3.78736292631363,0.18925493542978433,2.48954236534982,3.608242743099604,-0.4397922245273884,-0.5100119525763507,-4.237279188326844,-4.452331084219801,3.7257589009207077,3.9074784622930014,3.3674922553088127,0.4225104876552743,2.0337601158813055,-0.18549016008083807,4.749660863647838,-2.645404263098551,-2.125010551722735,-0.39680334749769663,4.772659115596792,-3.797280938386071
3.1742103077734694,3.73963985752742,-4.881794766426697,-2.7307911959631963,-0.20569587070893558,2.427648784302886,0.7134406465784,-3.265046013135552,0.1699470359542854,0.8412438793812536,-3.2988320798456297,-0.6996424975332873,1.2713156494897415,-4.503863361959863,4.611552134080327,-4.52446907068431,-3.15141762326054,2.758878849471249,-3.624733297315177,-0.5547292146188427
0.4645166217462924,1.6805646441744013,-0.15269954925141782,0.44966588133044105,1.6157672925721815,-1.2993871048195498,-3.9218107900655186,-3.433082915233921,-0.08729744060873035,4.77118696558448,2.6655821265706683,1.2992297858455304,-4.910731758741218,4.819519585597208,-4.812753381128902,4.1175529224236165,-2.829962510656396,1.8387909111649838,-1.6327399129640474,1.6636373133405353
4.237219857544892,-3.8646165836016917,-1.7478588009328195,0.39973308072558833,0.2375327996096459,-1.4084942361076886,4.636009565072708,1.7550926878672897,2.4122670627231146,4.133512326279936,3.87249459658738,-4.338203919064268,-2.7767074220598427,1.0066021374863823,2.548290576554461,4.851851602920847,2.2005107135904245,-0.07068572465040468,-1.4588659877068881,-1.8367152509573152
-1.080879080469412,-2.755688828745767,-0.959209343811688,2.003764225360097,0.49647712147723233,-4.19162045354775,-0.02800327223126864,-3.4936039893106567,-3.3403404343997014,-4.548366548745145,-3.3704695152206767,2.7960697210369077,-2.0622729292706694,3.8870408256622504,1.7000094765192166,-3.015242694400697,4.070268270515783,3.64684606435514,-0.06847822029833939,2.783758719022593
-2.759962950002226,4.875223240894583,0.1794682214175447,1.4915729925135324,-2.1140158541998915,-1.751884460714062,4.033328998636232,-1.7013626408846054,1.0379462839097648,-3.9558086223246853,-1.1218238417191326,3.6900641251250548,0.5795074206156814,-3.8496109663282536,3.046852040781328,-2.759256456714008,4.787323853261407,-1.654524418512222,-2.5843738899259137,0.9652607848465431
0.8869844657831072,-2.911262042828219,1.613470381296307,-4.5649223422880745,0.31985403175213634,2.238171429661257,-2.218848528212663,-2.606226384552924,-0.6810740487114328,3.4729480022343147,-4.648902191968922,3.2248893208338743,1.5774110317629262,-3.0082936907125672,1.9835905517700017,1.1794076484227318,2.870430528873146,-3.60492307118672,2.064343216986499,-2.531007884780591
-3.99464794055843,-2.545835388733946,-1.7806391869122877,3.7934653941159873,2.773349333201164,0.09390760719689606,4.743245896842019,0.03507369337262922,-4.354820631778703,-0.3934993954577415,1.4242296156664622,1.1070240229336914,0.8560868769020624,3.6170087673542746,-3.5820320307325604,3.48552332040531,2.8156711779727956,-1.768983554979565,-2.6094952929944575,3.1170932462804775
1.1637702172369977,-3.479469065408832,2.8529459491357114,3.401832922016867,-4.224033768567438,-1.0339590354156258,-0.4424960545209995,-4.787905637223868,-3.863345140196018,0.16730753454224345,2.03958011599212,-3.434310856053366,4.335019992316742,2.1443861977549394,3.5206641507897594,1.1270995689334748,4.025931225949632,-1.4596317763743398,0.6641459554054983,4.321256967058668
-4.4498329230424165,1.1335532941923745,4.032397099810453,0.2850107347124551,-3.7978128786688785,4.208639566831112,1.059219677364645,4.814859203791164,1.5641133303715948,3.2454366550799723,2.599462210739479,-2.2161534963142078,3.7110339093997613,2.608454481035693,-2.6915658296909903,3.191171613489736,0.5097693242432024,-3.4873942532518774,0.4436923182748487,-0.37081465121179047
-3.162345642357879,1.3957095487854367,-3.3121656295395097,0.6376731549318206,2.9932494180045532,3.2876756502607414,3.237902250258056,1.102173497386981,4.201009471253608,3.2687537768071966,-4.4770129240836525,3.1244624557735428,-4.452403985558039,-3.8784578565226364,-1.186247285846493,-0.0714726240579946,-1.652567680061888,-1.70779123730894,3.1406535167209686,-1.8526045432639604
-2.642188551504128,-0.7771784472067491,-4.094207402827831,-0.9910362346251302,-1.0370199844559802,-4.71028779585592,4.8424553928204705,0.4467103260531813,2.038576809618097,-0.972623946731324,3.5776028191630953,1.7597987884213397,3.1136982100707744,4.100856707637078,-3.064233977374778,1.5922293485847625,-0.5548093468255804,1.6778368952098388,3.716728850333869,4.641834561169308
1.343430315918721,4.756104991721145,-4.438308591881286,1.3962962696262196,2.492710814170543,-1.315769017715752,4.306145950792992,-0.4891226763759011,-0.7903578052427758,-4.965511080808675,2.430187143140029,-1.774962862434783,3.3968139716735877,-3.3731237491038657,2.2360047426065375,0.08347582615580507,1.6241282587631893,4.602219060765954,0.8111981054516546,3.940886258886117
2.0501115108651735,-0.30156155385508043,0.5757780208197074,0.8356344359736205,4.863158106253598,-1.8480000860354648,3.3045032476667977,-2.8609529357637893,2.6233141560199646,2.5891478595874675,-3.209379267901432,-4.855398988397005,0.6750047458253938,2.942684707998854,-4.678029477651079,3.835437955014685,-1.1498023727468358,3.7766034058199196,-1.0832474491518314,-1.6588218707755957
3.135692926132039,-4.772492065742434,0.8970555054200187,-4.909334880497117,-4.744977331336913,-0.3097924349328025,-3.862370888090739,-3.158895419526753,0.4211178316016735,-1.0172313177663437,-0.5497567416685989,-4.793689904246777,-1.4845076040299916,4.918326458415114,-0.9083455403433653,-2.73445936423221,-2.4027449368123217,-2.7967868697038516,3.5462919812826144,-0.2830645343934588
-3.718837981882487,4.080916413434618,0.47635202047604963,-3.4290012221344455,-3.57504743751661,-3.916696305533846,0.6053530076625959,-2.4801981096074743,2.7092266917379915,-3.6858615517556292,-0.8141143751718865,-2.404310465017481,3.602616445827479,4.264065947185646,-0.7721514015767337,-1.563328041639398,3.7980556943512624,-1.5830905372115467,4.0032550765902,-1.360956002762208
-0.11103414040301995,3.147559156386002,-0.7942425898310237,-1.2345110975760631,-0.15630960928188742,4.421558780353964,2.299799476660013,0.4775874332769181,-4.730286636240963,4.90711884320088,-3.5905117708346013,-4.678154827543348,-2.558995441337068,0.2106193819512754,1.6562481030181164,-4.862274443045487,-4.917307568448483,4.102304969312433,1.037669373823232,1.2175951455669694
4.363799552178126,4.562159254121719,3.602776389801125,-0.7234268274529878,0.3963094002964702,-0.44527457468667375,4.197034003441702,-3.927582576936575,-3.0663294202653835,-3.3239223560410496,1.1743001181594979,-1.5465062725122087,-3.192456145474021,-1.1492984119305456,-0.9534763031529705,2.2113944120668636,-1.9369333354222102,-4.538258779655365,2.4030660887531363,-2.413501696574177
-2.544400917736334,0.002454117806535372,-2.021162012451321,4.367017432594185,1.084791815823535,-3.2677303377885636,4.146927214942439,-0.5047347688529218,-0.14326079855412743,3.0015939618042964,-4.749500666762297,-1.102920678325849,0.39074782039770284,1.741396680288224,4.882910637236339,-3.0815773286284918,2.4413562838080836,-2.8912395092122467,-4.433146913782305,-2.6680560229685635
-0.308552342645541,-0.17685186896281468,4.260426678493127,-0.48030769839553056,-2.869430184425323,-1.6955588904556662,-2.7255011895574563,-4.502468764553042,-3.410215002779455,0.2193006430953499,3.707601755262285,4.349083236067425,1.0774063864989367,-4.079022374700331,2.1370355902925713,-4.9417328804146745,3.274682506433619,2.173303083687906,1.6991373656821027,1.024444604803307
-1.802503181868655,-4.023547545490416,0.3390093388156252,-4.632303649189871,4.058721480475393,4.6111626455797,-1.6915020444966928,-4.113140633892188,1.2849342450285839,-1.2671842202029087,4.220762070700236,-2.99184345627683,2.1368747439022586,3.2078750099203184,3.6902648896022168,-2.3148745608388275,-0.2738744902261745,-0.9000300156658021,0.21303994963731832,-0.5110216743742262
-1.2687275650691743,-2.472797065372939,-0.5740286437671998,-4.445055531189975,-1.7095889947495384,-1.1461799442791056,-0.7461489703359296,3.3870862144044693,-3.634072621250187,-4.070434661017578,1.7477807131440315,4.574497508526985,3.1881804116549617,1.9321807021740343,-0.8465116557395334,3.7900478929884134,-2.3258274892714432,3.6694597630114902,-2.532302633546322,-2.4821514609073687
-4.595655883863933,2.4710810525827895,-2.90119192383904,-3.0986049821506443,-3.492183132029613,2.263950959473364,3.005874545428199,-0.862245412225767,-1.0739162565051248,1.4450840579720206,-0.4000472686281089,-0.9331186717063034,2.658995482998588,4.693278717693486,-3.6000375828285556,2.1074851399247008,2.7124349351112755,2.311015490446283,0.3335164680089733,-4.078397209285178
2.660694711461577,2.3242826601158884,0.9427471650553629,-2.109964303380303,4.555911596100039,-4.905809443146529,-1.250573469723797,-4.059201133454724,-4.49006618840809,-3.4535412112683685,-4.125103295178324,-1.0868781876938467,4.241784068231592,-2.9731845238640133,0.08520382254109116,-3.720552765776234,-1.8294347168815337,-0.41879560859016074,3.489364412405463,-0.0501631776939675
4.821802519287786,2.959288866515223,4.703810614434698,0.13794783007280564,-1.3686402410411143,-4.44586741278128,2.6882699403320878,4.171093975299552,0.14572503214114718,-1.1101474115604533,0.4742265514288775,3.150464534544369,-4.400397003661332,1.2149298346901327,-2.538131088561116,-3.1215007856798573,-1.2216326207813566,2.9947194769110963,-0.530693619710461,-3.6160801409129344
-4.175715864999972,-4.885409711126764,1.541474807079556,-1.8209509105900534,0.1999224169281284,0.1128978453600773,1.5277781600699738,-3.9588732118238434,-3.272803715279311,0.2833147332696475,2.236035886979792,2.650555857753183,-4.98980730776045,1.3752833403128895,-2.4315711078672964,4.6265895297835105,-0.5247526765299853,-2.5143953111685926,3.5624147489642155,-1.2327079412624076
-4.72106022628721,-2.2076954045025525,4.116915439621025,-3.477483227495065,-0.8546448218652989,-4.2841672847120655,0.959039573799175,0.17701692185044582,-4.69700558415072,3.6021198094747326,2.4653150319424624,-1.4735923657660517,-0.8492140634951619,-2.4150911878597876,3.2738342930050006,-0.6564285162463541,-2.1709993184056673,-4.270624098037141,-1.6989396759644104,2.949495785703369
-4.498759904822189,-3.5962499095022,1.3806145853552731,3.700778843098117,2.5053266992861776,-2.865328380250713,-1.3940893602189974,-4.598560544362775,2.181737308866694,3.4170124174906995,-1.4180279626710672,-3.149930198889481,1.421473275442537,-2.163745766227918,-0.486039069520384,2.177138874601292,0.0246818812702978,2.0481300903135127,-2.310439007724355,3.38510257457024
4.406852265798879,-1.8187564010688693,-4.199013832610329,-2.366439312633792,3.3366097845877167,2.195097102680905,-3.7705932988545605,0.21050644543874597,-1.8501115002537039,1.824026224720341,-3.040972505435282,4.175011408735685,4.481387445503653,1.8367570764684018,1.5272072345147745,1.0714994485152403,-2.8979290378826046,-0.5696401791700358,-0.3760019013703726,2.032307708990606
-1.4509433581591793,3.4826925531658084,1.553771401870172,-0.1676081630924786,-3.9756681354841024,-2.328212426895251,-4.594086613523053,3.8146696093236763,-0.9193145438338437,-1.59901194822024,-4.374037248067082,-3.4612874424266504,3.8469854667344805,-0.4209300755131826,4.220330630876708,-2.4999132446308607,-2.0037081113582773,1.9220367050579936,-1.1156342058341835,2.311884607536747
3.628951996285238,-3.0857741532787104,-0.1331508992074557,-0.77176066051205,-4.604386686355973,-3.7106923908584752,1.0450263959454027,-1.5272130811239721,-2.1589021553433243,4.36953676340849,2.370913552729002,2.921619475147981,2.3786765069570563,-3.4037755621335495,-3.464395305919779,-2.2708284519362105,1.4455677873707318,4.299466733162703,3.849158225945713,0.6146672258339514
-0.04771617180334342,-1.660380679099731,-0.2454099964483447,4.027082685793047,0.11433493528189143,-3.6829740011738243,-1.1624702908221374,3.1626074242826565,-4.245944187008654,-2.958763983692268,4.608907927514924,-3.2785667436737076,-0.48578908468564297,-3.4955605453314273,4.533717146422362,-3.464739626807648,1.047001043330134,-4.670288518024633,-0.7851835328376193,-1.6311795900508108
-4.64801128159928,-2.091699617433836,-3.385152543965413,-0.333788992776781,2.7208529200376583,-3.636790720509708,0.17656673399777478,2.4250839411164353,-0.02743927329839657,2.955541913699495,0.6258080199587575,-1.863251193312088,4.610639028250171,-0.7130425479773965,-4.964322302838594,-1.6496177766104,4.5989999536802415,2.5146881734172633,2.832897284041474,-2.306857634197211
3.886263810918626,-4.709073260531244,-2.663998236701507,-1.633173275409217,-2.7355774124215864,-1.0980827925263572,-2.9588417871513717,1.8604312343036167,-1.64076248528227,-1.4410529257950477,2.2953054468232956,0.5025126435524783,4.8344165867103435,0.9617909386991554,4.903533927677511,-0.8346037485705331,-1.288847945237885,-1.9938779659014685,2.6026858281612384,-4.1766007300768395
4.036367620893008,-1.0599300575333355,2.4145135607529298,4.548624351806904,-0.6126152922566925,-4.379137825978998,-1.7817444370640572,2.611459366634504,0.7804841648817709,-2.7807757639160307,-2.5644827734741087,0.3295112005817966,0.27117195881575995,-4.267403822147703,-2.8025127650454844,-3.537119287796171,2.992520306879821,3.572951723515832,4.921587939177325,-0.14409288379726704
4.6575977109880995,2.8975998618983567,-2.425808964282718,3.4705315683787106,-4.141775096478746,0.8843353265083609,-3.7313259027146186,-1.0608880670546936,-1.905113398509533,-3.895102004600763,4.0304088399567615,-0.4623373655792822,1.9673400621545314,1.7912258782004278,-3.788984315674028,-0.2541758098381717,-4.709794953706972,-0.26386688156933324,-1.3238618714514265,-0.6140370779839195
2.9577605859207985,3.6424997180240553,-0.8976395746076777,1.7417587271832673,-3.0137350866863777,3.0537599635011006,-4.706859866769274,-2.6535342972470897,1.6716769393198252,-0.5078115285180402,-3.166102410852532,1.9923442991902371,0.15991447999319508,0.0852912403094237,-4.910964094092701,1.2366434952530465,2.0490201554804806,-4.4955518164568335,3.4193617738696584,3.6885846697310942
-2.948631281584561,1.770733826715447,-1.0269640447344508,4.32306438872053,-0.492214901807805,-2.980467186000964,2.798876869186456,4.442152666908708,-0.610068511682889,0.030507997254210828,-0.8568715397652245,2.1893875738294666,0.10767324353610963,4.73839518559117,2.0422178490499023,0.47694654169924355,-4.257183293135896,-3.9586036342037216,3.1630131857439636,4.861361306249751
2.219240554233391,1.8620783072353628,4.397039363544369,-4.978560216885981,2.0880912050611586,1.6669771900539034,-1.8949026856889417,-1.1746558480098401,-4.6083759638192525,-1.3596818198320069,3.600327497426697,-3.6693639099464646,-3.0114776636969194,0.6256080709076794,3.918987187197832,-1.2364258553845993,2.1663978654126836,0.9222471236029008,-2.7741800735177833,-0.6812183816609299
-3.2635621360443556,4.6019731377625845,-3.2782768678628242,-2.6378892735002895,-0.33153820973543624,3.1241789366810995,-3.2760083148551735,3.306822597958698,1.4693648521040856,-2.81138879927537,1.8776458418598905,-2.3963447582310735,-3.555833459513304,4.191703639236367,-0.17701586076754516,1.0279253710052805,-0.9084034858324079,4.840432921624458,-3.005498421442859,-1.471854302921451
-1.555659306057147,-1.4635309220227875,-3.4515782657926946,3.8448863314302866,4.267023444430061,-4.574156919827802,3.7496154010852667,0.6782672292081244,-2.019233670887663,0.8813039361600348,-2.795378832092052,3.49286958113073,-3.419466422707694,0.3098502371369891,-0.5498889434800596,1.7568454001651972,-1.319361297928027,2.433821834080071,-3.8429490961985966,-2.759339354550094
-0.07565382258981757,-0.28106662155091744,4.848722863442585,1.2532798802062048,-0.05994512294785004,-0.06542400160506467,0.4168879622091728,-4.933454989323325,-0.4037184539116794,4.44100673156524,4.1205772697136,4.905709018911853,4.426361282394279,4.336652818808586,-1.9467375975505807,-0.899723583179556,1.9261860208181805,-4.158228568264667,-2.252971893935119,4.37178891443777
2.273075361962534,-1.6155879978002603,2.7238269544623517,-1.263578388160154,-1.974473768061948,-2.8360796988024486,3.8309020374865916,-3.7215199620023975,-0.49152380616271696,2.344197685521298,-4.187833837358203,-4.033395799537628,-3.4791301926965486,4.501674039638347,4.317860273125085,-0.20217662584682028,3.3593258795313385,1.463326481542481,0.5460591061753846,1.972816372089115
-4.204624442759334,-0.9559732085032149,3.9587217331378106,1.2316742516680073,-0.7503514903086543,4.332915137453261,3.5762549871737868,2.9799998851345944,3.9113097286693783,-1.2037546105667603,-3.1352205004279807,-2.063878441310817,-1.3075492387060725,1.4630780243360375,0.5812895481390301,2.7862932812949737,1.7974211518525713,2.473678078477848,-3.9750549540787166,2.2672159627291872
-0.8573149419088395,-2.2597944090020845,-3.913493525133304,0.7283125979261271,-1.6876820031178323,2.093978391764172,1.359237673418054,-4.879912456329361,-3.94782775862566,-2.4735827302002287,4.946223772195745,-1.5685142148555475,4.925500955209046,-3.715140074492818,-0.105713647379857,4.400101518737385,3.1174660469568067,-2.4290136510165325,-1.7679993653201818,0.044879902124431936
0.23968108670218147,-0.682640791014423,-2.126953742667645,-0.9334830318145491,4.168719349411708,0.5979200928289643,3.64016769304914,-4.813271297425086,0.921740498212051,-3.9089801027334277,3.4686447517596974,1.0263077856419711,-4.113926148090572,4.435407032307573,-2.344980593618145,-0.39861571908024107,4.421123755914234,0.4384010298794898,-2.7369218070602206,-4.539477058540162
4.645912781964999,1.518249144056253,4.504169279328858,-0.8568082705590339,3.5668987695547685,-0.3849086884806985,0.35251987734353385,-1.5535869399560753,3.365005250703476,-4.847610786342063,-2.8511375808027,-3.79043698363807,-3.640094192530827,-0.10923939783036118,1.4857528741644712,3.541350524035602,3.443237279598124,0.7481966204893453,3.9484312035582683,2.0986228572784373
0.2716121348811811,4.984543222136139,-3.5645284831381456,2.152149800253933,-2.923236337053213,2.977973323370753,-1.4836719806788872,3.210785500188763,2.7754428296813263,4.884533322573262,-0.6956496390383311,0.17266359145680887,3.5469925925738615,-3.105055794034249,1.7944534912233365,-0.5061077681127415,3.691906426168334,-2.1823087153737495,-4.330920185962945,-3.044254390734123
2.401441692105485,-0.016073393599691066,-0.06649872684065716,4.442622571070142,-3.131215526570611,-1.9827039810139055,-4.506128504579053,3.9506311582694114,-4.056251266444798,1.2504814880248425,-3.900593216364718,-1.831690552389528,2.3454167977149476,3.4940417041836156,-1.1170782883789054,-4.844840361264481,1.5942205746319527,0.27768693456895477,-4.6533426358110885,2.658482290380695
-2.082793197052136,-4.429579367460894,2.638660451128062,-2.4197843338613834,-1.2788174515510646,-3.525197245056071,1.6134555093191585,3.1380158673532783,2.2653706815399097,1.1044715425589064,3.509333151110191,-4.073073762784839,-0.6547854796721433,-1.54552916961401,-3.5022277604842786,-3.3884583144069307,0.3368012062821286,-0.8099589943966983,-3.2956579315834302,3.8007653019535734
-4.288270618881844,-4.118394682454071,-0.2591747463431009,2.899822496354415,-3.2215240604270203,0.9145231977769832,0.33640997931166794,-1.8514743825689184,-1.170557922421327,-2.6663014271885404,-1.548086060712126,4.768900124086361,2.6444294488711915,-2.466971855794189,-2.242670970466518,3.2414172941825523,-2.649472516596965,-1.1344479721986245,1.9031738375663156,4.789210153098001
1.4304044648726686,-0.08785551952072801,-2.5698337541629632,3.86048358670749,3.4665289908471664,4.452143648259877,-0.25336855848289463,-3.6978434393904855,-0.8460038035522306,0.7910394260189246,3.343532206585099,3.624489103118357,-3.2377795068659676,-3.9745633827212616,1.6349663431055248,3.0429253685286497,-3.145433148758178,-1.2506001113225502,-0.8979141929296928,-3.8118366027935497
-2.477815678409544,3.073533000910878,3.7705968737563165,2.226448810735114,0.51172547126186,-1.9296419553545507,0.863441379631209,3.5126562539024935,0.3781688089941637,3.9769058354346747,-2.3313865377387617,3.442093758146733,-2.5097535144289216,0.12038275163553536,4.554773480064286,1.34262671375941,3.4575791430209684,-4.617856151960244,2.165001603185237,-2.072218935474375
3.4281112951226884,4.53214621769083,2.3621116507017916,3.302960054286162,0.8186250145596148,-0.6706145313561223,-0.9295382238283505,0.1074727304485723,1.7385727007893115,4.2301222437776715,-3.6025987953110623,4.084289239424411,2.9318844570181968,3.817713101939024,1.040808338538696,2.3792835489571758,-4.463913367221289,4.657200197355294,-0.6919422403456643,0.29914601289582343
3.577734555406888,-1.531828607445977,-4.042119595356126,-0.26319116547182997,-3.5300593791272115,-3.9626634204067077,1.2358878538278661,4.2671320243181405,4.836162898357767,-0.6998390695065329,-1.8978712698418154,2.306645638194688,-4.529380654365243,2.2555559777152734,-0.009201999137941286,-0.17457145321084155,-3.2148174893884605,-3.524443182175169,-0.3168438985051809,0.9225399876816107
3.8259163783382526,1.4218766015312525,-2.787562850721912,-4.362992328794283,0.0464396218906904,4.707820971243745,-1.2453416228555119,0.8220282679594062,-2.371767044999713,-3.631344564341133,-2.5299687371323727,-4.803390334627389,1.817893226585011,2.088947552171656,0.30574945684753096,-4.144050952630117,4.817560763384304,-3.169763945618113,0.3834689417449759,-2.022824894376896
3.95869060080377,0.8269450740455708,1.7839837508236167,-4.000873288258557,0.7371222198626857,-2.9407903596088127,3.7775375923510186,4.657488872427319,-4.424362511139048,-0.9228796019515952,0.038800823093878556,-1.6232420665852088,3.226860153948074,-2.0087563869219522,1.1042033397339157,-4.585736179407479,-4.976986604657413,0.45945662025823175,-0.92565775736111,1.345646095277556
4.077073448198389,-0.12611851752437353,2.0235926810606646,1.1642729876502544,-2.040573986038123,3.0361446878097667,3.5251985014668854,-2.8458640015758903,0.013804841320403938,4.473648994248828,4.362159524781482,-0.8218677492495328,-0.7621455458751019,-4.829259765591125,1.8214781709727443,1.7076047815806072,-1.8928746234435163,4.2281881858676265,4.191551778066886,0.8097025003969947
-2.167633326172851,-1.1355073496467,-1.9431033512616587,-2.0892752137057986,-1.5441146182064251,1.167653682792487,-4.3871358313263595,3.9414933724834924,-1.4920148490775298,2.3711648503192864,4.3310320963297,2.2874926051892572,-4.772924174713407,-1.2962589468326282,-3.7243683663225813,-4.600233370000274,-4.545410757428867,-2.6690215856024646,-0.03772463367585033,-0.1801470986301652
-1.6006600028330893,4.9290104537608865,4.212651444173353,-0.5137258420569353,-0.9864735513307616,4.556514825680203,-1.7043021897883017,0.5281215566330104,0.955742271099977,-2.015426159899155,1.125626596432583,3.8345335373027485,-4.693754158977445,-3.344979989120395,-1.6248737222803196,0.8303942798925839,3.5052248746701338,1.0574399396849987,3.6673446519205335,4.537716138413565
3.9395420195326896,-1.7222637978365785,-1.629751686094071,3.5194545585403496,-1.082899358791539,3.5506277787816902,1.4490604179959385,-3.7748552329378997,4.164906262413192,3.881067781155952,-2.0562683318755814,-3.9062971827742423,-1.800022071937887,0.4888787769265832,-3.032502676840691,0.9234529690174389,-1.7418735013955198,-2.474891621814064,-3.164299586126462,-3.539212381179764
-2.895850793046347,-3.2618621863087363,-4.6878209467474115,-1.9217981176948733,-1.562351028297237,-0.19411388085398507,2.5020430530074194,-3.2136728504264362,2.8409408924191384,2.6627225531864696,-1.0309479276016944,4.509569173492874,-2.6352751579859115,-2.532157932520648,-1.0671030311784113,-2.0751092532608966,4.135524276832509,-0.32218001243734573,3.0953920291251933,3.442624426940048
-1.8902989266788364,0.7094276170907667,-2.8796193436640634,-3.9781592097657237,-4.557596157085628,1.3455410806300776,0.20857239387217064,-0.12424187736211945,3.9708597531583365,1.9306187412902673,2.8382175040672317,-2.711028771613458,-3.820498001161225,3.5801145498808715,-2.1853647669823295,-3.7531592419404562,0.3694685561802791,-1.601469840339739,1.990580560139196,-4.61267099257861
-3.5841551823261164,0.2951652110484595,3.235738210165266,3.1879518635381636,-4.933680816089636,4.823334512888653,-0.380703032679957,-1.7996123200545302,0.060111733958660096,-2.876343401404876,-3.725196041212539,-4.4207875902728215,-1.936275185396847,-0.8877170920111102,-2.2723708584861373,-2.515727271343003,4.601664401742569,1.2371048807834795,-0.5542486019631596,1.5820152245233379
-0.4177542608392306,3.578913083364135,-4.598361208204278,-0.09144376355969008,-4.868627176102694,4.25098418870626,2.49833341254379,-4.003637931349002,-0.2588974743594905,-2.560846016306863,-2.9613442271686767,-1.4109846525658085,-0.03088756307952334,4.761060744280858,3.1457785270970877,3.7172175297715153,1.667724312041008,-1.1912760046679907,3.265955274935253,1.2737902405927501
2.646055689027156,0.9583920600321738,1.1266877050934268,0.5275780823448954,2.1442134681597587,-4.695515886511217,-0.09231238779056739,4.238249354195089,2.927991275444305,2.4077663317174514,1.3433497672449768,1.6717423464080827,3.9964230383708035,-0.35473861401486406,-2.7942739889063954,0.302325029838717,-3.8170310118655424,-2.9024020051859596,-4.57079332025418,-4.242177218682549
4.747395624846046,-0.9340808702327896,-3.6850872975900275,4.163438761750228,-1.1034310267104406,-0.8367972961152352,-4.882074396914805,-0.41039880635930714,3.2638114138722134,-2.9107226566100626,2.5209632929071955,-2.8037038823906837,0.6287131386481795,-1.3983620484754007,2.3062069037216313,3.6299925391955608,-0.748582719320706,-3.0681040495187686,-2.157915391034384,-0.33925500518614626
1.0466183877792856,4.41583165444621,2.59705233298404,4.871222448648426,3.9117542212191765,-0.23587658263015499,1.262599366576211,-0.329320695613041,-3.7015716823242517,3.5430056741744025,-1.7892475182187848,-2.043831939682348,-4.3459066026840345,-2.928228572822885,2.8498524408992365,2.8931250037283682,-4.3982618700040845,0.16008018383942257,-3.734904880636498,0.2394487351616581
0.3678993501883667,4.686748575149771,-2.539824686854055,2.614775204235791,-3.6903885129024747,-0.7582712335533177,2.7306212433990176,0.9163938232523794,-0.8876423612864519,-1.301653398922828,-4.922803894684748,0.7950673616374964,-0.9816298653787436,-1.1682643358978395,-4.493134630779543,-4.171961286790236,-0.6386360692289417,0.9743672818760087,4.409470832676712,-2.8629965684577554
0.9705672842800528,-0.5165254750778185,-3.742864574728654,-0.6585457699134345,1.960272105722658,0.013283826012510325,3.884147458666426,-3.8258176672358495,-2.215175377329053,4.677094419140451,-0.0033837687794129323,3.39110845348268,3.2874404728966304,1.1057506215810537,1.2749115565818432,-3.4037015123646053,-3.7793766598603167,-4.98985916948725,-2.9234190314379087,3.226338962820435
3.456591915534375,1.642157990013093,-0.6560530549933032,3.690808598845406,3.6282545090728995,0.7637341148492496,-3.592788114926303,-0.09825676228951963,3.3201795073944336,0.6494430408650773,0.5179235626940715,4.235764931693058,-2.1499345237005594,-2.618042683058225,-4.882867828261228,-3.6132723221775693,-2.206995397814619,3.125813334282899,2.918814285126359,-4.660291599538363
4.147092272148324,2.2642329032176463,3.467777746217136,-2.1599685650128855,-1.242702951264489,2.729528264625884,-4.045877527241625,1.2661365446019266,1.5280484131666991,0.5217399183369311,-0.47182961190202377,1.6197233427560098,-2.9833871865255253,4.618142009333594,3.2320876540562846,-2.817180939569851,1.280374141149343,-2.00267544050754,-3.7830071856650376,4.499856977204615
-4.903250609431765,2.772261123472944,-0.4864514212073754,-2.6603414526822444,3.849807362440478,2.8082866295990847,-2.4275412976360418,-2.217566527951181,4.794754633491273,2.114948495794657,1.5752037199640228,-1.6711983851375933,0.9798189189467372,-1.4398007982961825,1.067787191449174,-2.379299274260127,2.371947011987894,-3.707050713808192,1.2720525506826466,4.596091437235955
2.103889893027164,0.9388885693499116,-4.334591426414136,2.8245624705213928,-2.1696250383443654,-4.897495836972328,-3.3340805373235947,-1.201764120853749,0.30523799982509203,0.40311840324183734,0.08511458859186138,1.7197361926313999,-0.6287987534544008,-4.853708873892789,4.274005698864334,3.415458376941867,1.8675004224161391,0.56405924337726,2.7317236761137806,4.816964711795068
0.5735436986030127,4.251767962470245,-4.271726017877574,-2.0259525549476565,4.2274595494054665,-2.2646198091333365,-1.5861393227949323,3.4738625762608475,-4.8404392441438295,1.6407316262236158,3.050297862986895,-3.244896064618252,0.7185963231888781,4.233912933707922,2.5968872300006094,-1.5327319011020837,0.6705359026864919,0.08127703438341527,-0.40706908548688325,-4.025902424992113
-0.5309856235854795,-2.8072334086571713,-0.9121139664825728,-4.110082414622489,-2.310823891872109,0.9511439735389304,4.506087050110764,-2.393639428531771,4.9892427802257036,1.0053306419650117,1.0174647148994005,-0.38616963398412985,-0.3813498500836552,0.023879047140788145,4.409798658771102,2.4098317119557215,4.482566622182704,2.2651769696682535,4.827233403882813,-3.203693891171345
2.815538496410019,-0.8444334441330783,2.339092458741275,-3.764469200795622,-4.075732820680908,-3.7852757073704333,2.004792196015747,1.2417011969724498,3.428354593954234,-1.9293223188112374,-2.2865262319804476,2.2268598979767518,4.016789175151509,-1.5904528121090928,3.5515584287562536,3.6586923053981018,4.893486449638143,-1.317752560591475,-2.4082765200402196,-0.8661047098487975
4.2592427662022985,-3.5336625622577746,-0.41508688432555374,-1.8505124798834114,-2.5681944792422824,2.873893724822767,4.89891559418321,3.5790411011469665,1.2491942578711033,1.0693149514657572,-3.694371765124388,-2.554628236482164,-4.861615042646262,-2.848288313281627,2.3751249768519145,-0.9502281733219657,-0.3355014317767422,0.8637345549426563,2.277102535689149,-2.9732539737294568
-3.8748901512129033,4.375091196851958,1.4644642555216034,3.286557889807318,3.154661544747391,-3.4016287182716898,-1.8141158730109739,-3.3668018343742774,-1.7875550240160316,-3.0539022379049086,1.77318440343051,-3.8963511467812686,-2.2823956935195024,2.6981355102418645,-3.299645877582668,0.7662147488307838,-3.056740133308729,0.5192009341877775,3.2209110210334906,-0.9659794278055376
1.3699912427959493,-4.567200358823353,-1.460634760967837,4.965168351011634,-4.384873741005687,0.3991339642625844,1.199547283005109,2.177260311097637,2.4682441557076693,1.538820404765758,-3.339720206975265,4.608687953535803,1.7116634092274765,1.4494995611867054,2.6690819103551284,-3.5949691641076775,-0.7509198555276768,4.462762888437137,2.5974491944517,0.7369694255643466
0.07903208890816238,-2.599194040322175,0.6557544092736194,0.767594912957815,-1.1510983664783545,-0.6372050119941877,-2.8596468369993056,2.8749389528610623,-1.418162595509746,-3.5210541215865714,-2.943134346119492,3.9039926320181912,-4.260535419839715,-2.7421623915496776,3.7584558212506742,0.7098860923470705,-3.25700750647828,-4.7017203736105575,4.238070263825634,2.375433345100819
-2.9747933859906857,-3.8395866215939964,-4.217132876932803,0.9201853614993416,-1.6307209346623122,-4.015835953246257,-4.799632868500689,-1.3564705825680203,-1.7456743476272911,4.566264498730986,-1.9113033495472638,-3.014863655801908,2.4706087202446794,-1.2417340088857234,2.897765513420824,0.5080681496138784,-0.23128806224938359,0.669762510314138,-4.0536260344389445,-1.521086969430839
-3.6195685101368085,0.4778662459470855,-1.067494070273105,-2.5844360022893067,1.2191492185843043,1.5096317517478912,0.6537223578353917,4.999065642055179,0.7126125541122939,4.185780020028631,-0.7680414891517273,-3.3545558059086957,4.10602009567147,1.9939591419216889,2.6076920250036757,4.3409196770266085,0.8687606349649837,3.4053034443105137,-4.54450675306337,4.1035207807137795
1.8792219422102932,1.9316290951545145,4.962809249377887,2.417427452634806,-3.7420286316102054,-0.2603025730905042,0.5976289310633653,0.6036280944039563,4.727708177689566,-2.2891146699788023,-0.5501948490147015,-1.9502927110382515,-3.710381749962722,-4.907705825003969,1.3726527659761665,-4.435396368249645,-1.7894884794491306,-2.730061871775486,-1.047869891486255,4.0564721951267675
0.4441571249941454,2.0244667963896195,4.758394444089609,-2.8745755649603777,1.0148689982787404,-1.8657469461240055,-0.8473225869849985,-2.5939516457478944,3.21014812971595,0.7236297595796826,0.7179337832307162,-0.24507995150158735,4.734140497167237,2.7209928324415857,3.8842895750294044,-3.3444242831194995,4.718639694785454,1.3792409736051887,2.66592130343569,-4.304772217132763
-3.0771140661978853,1.4523342053252177,1.7001008719734862,-1.1234257254742932,-0.9394364830328747,4.048920179314603,-3.9602186473940186,-3.5270660107795364,-2.311096305086865,-4.741448696907161,0.7581564951300601,-2.294203316839382,4.991546540926773,0.2527385767874364,-4.166601638303618,-1.0627902378299607,-2.513177132978676,-3.0067689251882728,-3.356185808508987,0.7880512909717643
-4.1246894578593984,-4.665007777921867,0.27111544996714176,-4.6891803923777315,-0.11907972714634596,-2.5658133371508516,-2.5165439396891514,1.9079848887862667,4.521977197572282,2.505618323977586,-3.4537218204911477,1.8881696193710154,0.20021120908364942,-4.4842021059695805,3.6483485620680245,-1.356554420101916,-2.6638110073747017,3.171836012791653,0.7893074303045831,1.3607241296234847
